wk,docs,brave,openclaw,brave_10k,openclaw_10k
2026-01-26,77636,69,5212,8.89,671.3
2026-02-02,335454,94,11874,2.8,354.0
2026-02-09,852837,57,6520,0.67,76.5
2026-02-16,145139,52,5512,3.58,379.8
2026-02-23,272333,67,10132,2.46,372.0
2026-03-02,364724,43,7671,1.18,210.3
2026-03-09,323758,28,6779,0.86,209.4
2026-03-16,330598,35,5534,1.06,167.4
2026-03-23,189603,6,2630,0.32,138.7
2026-03-30,184668,10,2722,0.54,147.4
2026-04-06,184706,5,2354,0.27,127.4
2026-04-13,174223,3,1865,0.17,107.0
2026-04-20,165528,1,1640,0.06,99.1
2026-04-27,147061,1,1345,0.07,91.5
2026-05-04,158518,3,1136,0.19,71.7
2026-05-11,134639,1,789,0.07,58.6
2026-05-18,97856,0,596,0.0,60.9
2026-05-25,149084,0,559,0.0,37.5
