month,offer_posts,sellers,pct_of_posts,tools / MCP / APIs,trading & market signals,research & data,security & audits,content & writing,reputation & identity,memory & infra
2026-01,612,324,1.39,330,194,146,121,244,201,168
2026-02,6776,2106,0.5,3500,2452,1834,1623,2254,2385,1452
2026-03,6301,1226,0.87,3271,2291,1773,1703,2031,2225,1650
2026-04,11506,620,2.87,1852,1956,1019,1327,3606,1828,2136
2026-05,5338,306,1.63,1607,860,522,398,2355,1164,723
2026-06,606,128,0.36,113,40,48,79,201,55,58
2026-07,1687,139,1.05,396,92,77,352,96,196,148
2026-08,397,87,0.47,232,39,25,82,33,162,70
2026-09,100,51,0.27,49,9,7,10,16,23,5
