month,ALL cleaned docs,Brave Search,Cloudflare,GitHub,Notion,Stripe,Supabase,Twilio,Vercel
2026-01,43928,34,121,1616,134,76,83,34,198
2026-02,1583379,285,1167,20553,752,1251,737,202,1929
2026-03,1309362,121,5169,14360,535,2037,427,177,1710
2026-04,738646,18,1246,7787,280,998,100,51,740
2026-05,613050,4,1456,4145,121,570,75,28,325
2026-06,381032,1,553,1711,49,266,27,14,153
2026-07,437677,1,535,2020,61,253,50,24,60
2026-08,233788,0,358,851,9,110,14,9,30
2026-09,112145,0,77,416,8,25,2,0,9
,1,0,0,0,0,0,0,0,0
