product,n_total,n_recent,recent_share,window_start,archive_end
GitHub,53459.0,4337.0,0.0811,2026-06-11 09:03:58.694000-07:00,2026-09-11 09:03:58.694000-07:00
Cloudflare,10682.0,1214.0,0.1136,2026-06-11 09:03:58.694000-07:00,2026-09-11 09:03:58.694000-07:00
Stripe,5586.0,555.0,0.0994,2026-06-11 09:03:58.694000-07:00,2026-09-11 09:03:58.694000-07:00
Vercel,5154.0,159.0,0.0308,2026-06-11 09:03:58.694000-07:00,2026-09-11 09:03:58.694000-07:00
Notion,1949.0,103.0,0.0528,2026-06-11 09:03:58.694000-07:00,2026-09-11 09:03:58.694000-07:00
Supabase,1515.0,83.0,0.0548,2026-06-11 09:03:58.694000-07:00,2026-09-11 09:03:58.694000-07:00
Twilio,539.0,40.0,0.0742,2026-06-11 09:03:58.694000-07:00,2026-09-11 09:03:58.694000-07:00
Brave Search,464.0,2.0,0.0043,2026-06-11 09:03:58.694000-07:00,2026-09-11 09:03:58.694000-07:00
ALL products (pooled),79348.0,6493.0,0.0818,2026-06-11 09:03:58.694000-07:00,2026-09-11 09:03:58.694000-07:00
BASELINE: all cleaned docs,5453008.0,1003183.0,0.184,2026-06-11 09:03:58.694000-07:00,2026-09-11 09:03:58.694000-07:00
MEDIAN across products,,,0.0645,2026-06-11 09:03:58.694000-07:00,2026-09-11 09:03:58.694000-07:00
